{"assets/acik-riza.pdf":["assets/acik-riza.pdf"],"assets/acik-riza2.pdf":["assets/acik-riza2.pdf"],"assets/bu-bilgileri.pdf":["assets/bu-bilgileri.pdf"],"assets/bu-bilgileri2.pdf":["assets/bu-bilgileri2.pdf"],"assets/png/logo.png":["assets/png/logo.png"],"assets/png/oturan_adam.png":["assets/png/oturan_adam.png"],"assets/svg/altin.svg":["assets/svg/altin.svg"],"assets/svg/ana-gayri.svg":["assets/svg/ana-gayri.svg"],"assets/svg/arsa.svg":["assets/svg/arsa.svg"],"assets/svg/asagi-piyasa.svg":["assets/svg/asagi-piyasa.svg"],"assets/svg/asagi-yon.svg":["assets/svg/asagi-yon.svg"],"assets/svg/ayarlar.svg":["assets/svg/ayarlar.svg"],"assets/svg/baglanti-yok.svg":["assets/svg/baglanti-yok.svg"],"assets/svg/banka.svg":["assets/svg/banka.svg"],"assets/svg/bildirim.svg":["assets/svg/bildirim.svg"],"assets/svg/bitcoin.svg":["assets/svg/bitcoin.svg"],"assets/svg/cikis.svg":["assets/svg/cikis.svg"],"assets/svg/destek.svg":["assets/svg/destek.svg"],"assets/svg/diger.svg":["assets/svg/diger.svg"],"assets/svg/dolar.svg":["assets/svg/dolar.svg"],"assets/svg/doviz.svg":["assets/svg/doviz.svg"],"assets/svg/duzenle.svg":["assets/svg/duzenle.svg"],"assets/svg/ekrani-bol.svg":["assets/svg/ekrani-bol.svg"],"assets/svg/emtia.svg":["assets/svg/emtia.svg"],"assets/svg/gecmis-kayit.svg":["assets/svg/gecmis-kayit.svg"],"assets/svg/gizle.svg":["assets/svg/gizle.svg"],"assets/svg/goruntule.svg":["assets/svg/goruntule.svg"],"assets/svg/gumus.svg":["assets/svg/gumus.svg"],"assets/svg/guncel-ekrana.svg":["assets/svg/guncel-ekrana.svg"],"assets/svg/hata.svg":["assets/svg/hata.svg"],"assets/svg/hisse-senedi.svg":["assets/svg/hisse-senedi.svg"],"assets/svg/info.svg":["assets/svg/info.svg"],"assets/svg/kaydet.svg":["assets/svg/kaydet.svg"],"assets/svg/konum.svg":["assets/svg/konum.svg"],"assets/svg/kullanici.svg":["assets/svg/kullanici.svg"],"assets/svg/menu.svg":["assets/svg/menu.svg"],"assets/svg/metal.svg":["assets/svg/metal.svg"],"assets/svg/minus.svg":["assets/svg/minus.svg"],"assets/svg/onay.svg":["assets/svg/onay.svg"],"assets/svg/posta.svg":["assets/svg/posta.svg"],"assets/svg/sag-yon.svg":["assets/svg/sag-yon.svg"],"assets/svg/sol-yon.svg":["assets/svg/sol-yon.svg"],"assets/svg/tasit.svg":["assets/svg/tasit.svg"],"assets/svg/telefon.svg":["assets/svg/telefon.svg"],"assets/svg/toplamda-logo.svg":["assets/svg/toplamda-logo.svg"],"assets/svg/turk-lirasi.svg":["assets/svg/turk-lirasi.svg"],"assets/svg/varlik-ekranına.svg":["assets/svg/varlik-ekranına.svg"],"assets/svg/yukarı-piyasa.svg":["assets/svg/yukarı-piyasa.svg"],"assets/svg/yukari-yon.svg":["assets/svg/yukari-yon.svg"],"assets/wrench.svg":["assets/wrench.svg"],"packages/cupertino_icons/assets/CupertinoIcons.ttf":["packages/cupertino_icons/assets/CupertinoIcons.ttf"]}